DATE,SERIES,OPEN,HIGH,LOW,PREV. CLOSE,LTP,CLOSE,VWAP,52W H,52W L,VOLUME,VALUE,NO. OF  TRADES
14-Jul-2026,EQ,"279.25","280.65","275.00","279.65","275.30","275.55","276.73","427.00","275.00","1,50,18,851","4,15,60,98,836.80","3,19,838"
13-Jul-2026,EQ,"281.35","281.50","279.50","281.75","279.85","279.65","280.20","427.00","275.05","1,25,59,492","3,51,91,71,166.20","2,43,354"
10-Jul-2026,EQ,"282.85","283.65","280.85","282.05","281.80","281.75","281.84","427.00","275.05","1,17,74,274","3,31,84,33,752.00","2,60,527"
09-Jul-2026,EQ,"281.25","284.40","281.00","280.65","281.85","282.05","282.70","427.00","275.05","1,25,12,120","3,53,71,72,547.50","2,61,581"
08-Jul-2026,EQ,"286.90","287.85","280.00","288.75","280.85","280.65","282.88","427.00","275.05","2,15,93,793","6,10,84,81,851.55","3,49,436"
07-Jul-2026,EQ,"288.30","290.70","286.55","288.25","288.00","288.75","288.60","427.00","275.05","1,84,91,160","5,33,64,64,642.05","3,57,922"
06-Jul-2026,EQ,"289.95","290.40","287.60","289.95","289.00","288.25","288.49","427.00","275.05","2,71,26,124","7,82,56,51,952.70","3,07,674"
03-Jul-2026,EQ,"291.30","291.60","289.00","289.90","290.10","289.95","290.39","427.00","275.05","65,17,591","1,89,26,72,377.30","2,32,269"
02-Jul-2026,EQ,"290.70","291.00","287.70","290.30","289.75","289.90","289.63","427.00","275.05","1,27,22,639","3,68,48,75,766.50","2,64,019"
01-Jul-2026,EQ,"287.85","291.00","287.10","286.95","290.05","290.30","289.72","427.00","275.05","65,51,425","1,89,80,83,865.00","2,48,275"
30-Jun-2026,EQ,"291.50","291.60","285.50","290.70","287.30","286.95","287.55","427.00","275.05","1,81,80,676","5,22,79,38,463.70","4,33,044"
29-Jun-2026,EQ,"290.45","291.90","289.35","290.00","291.00","290.70","290.70","427.00","275.05","1,01,10,022","2,93,89,64,571.35","3,49,908"
25-Jun-2026,EQ,"290.35","292.25","289.20","290.35","290.00","290.00","290.66","427.00","275.05","1,12,30,239","3,26,42,29,395.30","2,88,842"
24-Jun-2026,EQ,"290.00","291.40","289.45","290.00","290.20","290.35","290.45","427.00","275.05","62,18,635","1,80,62,05,507.85","2,27,851"
23-Jun-2026,EQ,"291.25","293.15","289.65","291.25","290.10","290.00","290.89","427.00","275.05","94,10,364","2,73,73,68,402.10","2,27,663"
22-Jun-2026,EQ,"292.80","293.95","290.05","292.50","290.75","291.25","291.40","427.00","275.05","99,47,873","2,89,88,14,725.95","2,65,137"
19-Jun-2026,EQ,"289.80","294.55","288.40","291.15","293.90","292.50","290.95","427.00","275.05","1,38,74,008","4,03,66,48,451.40","2,54,060"
18-Jun-2026,EQ,"291.05","291.90","288.00","290.75","290.95","291.15","290.24","427.00","275.05","1,04,09,670","3,02,13,35,692.20","2,36,338"
17-Jun-2026,EQ,"291.95","292.35","290.00","291.65","290.90","290.75","290.87","427.00","275.05","86,26,353","2,50,91,57,701.45","2,42,846"
16-Jun-2026,EQ,"288.15","292.15","287.50","287.90","291.85","291.65","290.72","427.00","275.05","1,44,67,499","4,20,59,46,480.90","3,42,311"
15-Jun-2026,EQ,"287.00","288.85","286.70","285.10","288.15","287.90","287.81","427.00","275.05","1,11,94,950","3,22,20,30,354.40","3,00,143"
12-Jun-2026,EQ,"283.55","285.85","283.00","282.40","285.70","285.10","284.32","428.55","275.05","1,28,93,433","3,66,58,10,862.20","3,71,547"
11-Jun-2026,EQ,"283.00","283.25","281.20","283.65","282.65","282.40","282.30","428.55","275.05","1,26,03,100","3,55,78,22,045.95","2,68,703"
10-Jun-2026,EQ,"280.00","285.85","278.65","280.00","283.30","283.65","283.69","428.55","275.05","1,98,23,743","5,62,38,89,755.20","2,96,092"
09-Jun-2026,EQ,"281.70","281.70","277.15","279.45","280.00","280.00","279.45","428.55","275.05","1,23,02,522","3,43,79,65,851.45","2,53,064"
08-Jun-2026,EQ,"279.00","283.45","276.95","280.70","280.00","279.45","280.73","428.55","275.05","1,57,79,677","4,42,97,82,816.90","2,36,195"
05-Jun-2026,EQ,"280.00","281.40","277.85","280.30","280.95","280.70","279.95","428.55","275.05","1,60,65,822","4,49,76,26,941.70","2,34,148"
04-Jun-2026,EQ,"277.00","280.65","275.05","277.00","280.10","280.30","279.23","428.55","275.05","2,20,17,634","6,14,80,78,901.55","3,20,720"
03-Jun-2026,EQ,"282.35","282.35","275.20","283.25","276.75","277.00","277.04","428.55","275.20","2,80,01,438","7,75,76,11,536.35","4,28,631"
02-Jun-2026,EQ,"279.50","283.60","277.10","279.65","283.40","283.25","280.64","428.55","277.10","2,02,06,131","5,67,05,67,934.70","3,51,434"
01-Jun-2026,EQ,"287.80","288.55","278.30","286.90","279.30","279.65","282.77","428.55","278.30","2,34,77,875","6,63,89,24,445.00","4,38,086"
29-May-2026,EQ,"292.00","292.40","285.90","291.95","287.90","286.90","288.37","444.20","285.90","3,19,30,439","9,20,76,35,381.25","4,30,026"
27-May-2026,EQ,"295.65","296.35","291.05","301.65","292.25","291.95","292.91","444.20","287.00","2,54,46,093","7,45,34,13,035.75","3,82,102"
26-May-2026,EQ,"304.35","304.40","301.10","303.95","301.90","301.65","301.89","444.20","287.00","3,75,60,542","11,33,92,94,994.00","2,55,684"
25-May-2026,EQ,"303.95","305.50","302.35","301.70","304.30","303.95","303.78","444.20","287.00","1,57,34,247","4,77,97,49,001.55","1,27,469"
22-May-2026,EQ,"305.90","307.00","301.00","308.05","302.05","301.70","303.66","444.20","287.00","3,07,51,752","9,33,79,67,818.05","3,39,220"
21-May-2026,EQ,"309.85","311.30","305.80","307.55","307.65","308.05","307.94","444.20","287.00","2,18,68,988","6,73,43,48,842.60","2,30,048"
20-May-2026,EQ,"309.00","309.65","306.20","310.30","307.90","307.55","307.48","444.20","287.00","1,21,27,920","3,72,90,82,939.15","1,92,330"
19-May-2026,EQ,"311.95","314.25","308.35","310.15","310.00","310.30","311.72","444.20","287.00","1,75,19,355","5,46,11,42,698.95","2,53,592"
18-May-2026,EQ,"309.45","312.30","306.50","309.45","310.95","310.15","309.32","444.20","287.00","1,44,22,870","4,46,13,40,381.80","2,97,156"
15-May-2026,EQ,"307.20","312.05","306.30","307.20","309.20","309.45","309.49","444.20","287.00","1,19,54,564","3,69,97,69,024.15","1,85,043"
14-May-2026,EQ,"305.00","309.20","304.85","304.45","307.20","307.20","307.57","444.20","287.00","1,11,13,377","3,41,81,76,560.95","3,14,593"
13-May-2026,EQ,"302.00","305.80","301.05","300.70","304.80","304.45","304.30","444.20","287.00","1,30,24,778","3,96,34,53,936.50","1,88,106"
12-May-2026,EQ,"305.35","306.25","300.10","305.85","300.85","300.70","302.95","444.20","287.00","1,59,68,338","4,83,76,32,219.60","1,77,484"
11-May-2026,EQ,"307.00","308.00","305.15","307.45","305.70","305.85","306.70","444.20","287.00","1,49,68,661","4,59,09,23,998.95","1,58,117"
08-May-2026,EQ,"308.90","308.90","305.70","307.40","307.20","307.45","307.26","444.20","287.00","1,77,39,844","5,45,06,89,616.20","1,56,205"
07-May-2026,EQ,"311.45","311.65","307.00","310.70","307.55","307.40","308.52","444.20","287.00","2,57,18,615","7,93,47,45,387.15","1,80,779"
06-May-2026,EQ,"312.80","313.60","309.25","311.45","310.75","310.70","310.74","444.20","287.00","2,02,87,609","6,30,41,84,013.15","2,52,328"
05-May-2026,EQ,"311.10","313.70","309.65","311.10","310.35","311.45","311.49","444.20","287.00","2,67,95,704","8,34,65,71,651.90","1,74,972"
04-May-2026,EQ,"317.90","317.90","310.50","314.90","311.40","311.10","313.63","444.20","287.00","2,02,45,091","6,34,95,09,910.65","1,75,168"
30-Apr-2026,EQ,"316.25","317.50","313.30","316.25","315.20","314.90","315.35","444.20","287.00","1,15,41,956","3,63,98,10,221.80","1,47,148"
29-Apr-2026,EQ,"305.10","317.50","305.10","304.45","316.00","316.25","313.93","444.20","287.00","3,11,99,038","9,79,43,00,607.15","2,09,945"
28-Apr-2026,EQ,"304.40","305.80","302.55","303.85","304.25","304.45","304.67","444.20","287.00","1,29,07,339","3,93,24,14,488.90","1,06,023"
27-Apr-2026,EQ,"303.65","305.65","302.85","301.60","304.00","303.85","304.12","444.20","287.00","1,43,82,348","4,37,39,75,412.50","1,18,826"
24-Apr-2026,EQ,"306.65","306.65","301.10","305.30","301.45","301.60","303.02","444.20","287.00","1,70,11,704","5,15,49,66,360.80","1,65,949"
23-Apr-2026,EQ,"304.00","306.35","303.25","305.50","305.35","305.30","305.00","444.20","287.00","1,07,01,849","3,26,41,04,449.55","95,400"
22-Apr-2026,EQ,"310.00","310.55","305.10","309.65","305.50","305.50","306.39","444.20","287.00","2,45,00,511","7,50,68,09,236.00","1,65,832"
21-Apr-2026,EQ,"305.00","311.10","304.55","305.00","310.15","309.65","306.96","444.20","287.00","2,44,11,865","7,49,34,98,723.50","1,82,624"
20-Apr-2026,EQ,"307.00","307.95","304.45","306.80","304.90","305.00","306.09","444.20","287.00","1,35,40,471","4,14,45,92,967.80","1,22,052"
17-Apr-2026,EQ,"303.85","309.95","303.85","303.40","307.00","306.80","307.52","444.20","287.00","3,51,11,203","10,79,73,29,192.40","2,49,619"
16-Apr-2026,EQ,"302.95","305.35","301.85","302.05","303.95","303.40","303.23","444.20","287.00","1,65,12,053","5,00,68,84,013.45","1,69,617"
15-Apr-2026,EQ,"300.70","304.00","300.55","298.65","302.20","302.05","302.42","444.20","287.00","1,87,01,403","5,65,56,82,695.80","1,92,295"
13-Apr-2026,EQ,"300.00","301.45","298.10","304.25","298.90","298.65","299.44","444.20","287.00","1,65,22,014","4,94,73,77,826.70","1,80,968"
10-Apr-2026,EQ,"303.00","305.40","302.60","303.00","304.15","304.25","304.07","444.20","287.00","1,77,44,386","5,39,55,29,037.90","1,24,063"
09-Apr-2026,EQ,"301.50","304.40","301.25","302.45","303.00","303.00","303.14","444.20","287.00","1,76,91,477","5,36,30,59,735.75","1,76,075"
08-Apr-2026,EQ,"303.90","304.60","301.55","298.45","302.30","302.45","303.06","444.20","287.00","2,23,10,207","6,76,12,68,279.10","1,80,186"
07-Apr-2026,EQ,"294.15","299.00","292.75","294.85","298.65","298.45","297.09","444.20","287.00","2,69,63,485","8,01,06,71,591.60","2,10,320"
06-Apr-2026,EQ,"293.00","295.35","290.25","292.85","294.80","294.85","292.85","444.20","287.00","1,80,47,063","5,28,51,63,130.80","2,15,231"
02-Apr-2026,EQ,"290.25","293.65","288.40","291.70","292.30","292.85","291.13","444.20","287.00","1,80,82,775","5,26,44,58,303.15","1,97,613"
01-Apr-2026,EQ,"293.00","294.45","290.90","287.70","292.20","291.70","292.47","444.20","287.00","1,86,04,340","5,44,11,67,899.30","1,40,075"
30-Mar-2026,EQ,"293.60","294.45","287.00","294.70","288.50","287.70","290.13","444.20","287.00","2,45,86,921","7,13,34,59,794.75","2,12,496"
27-Mar-2026,EQ,"294.70","296.85","291.55","295.70","294.55","294.70","294.29","444.20","288.75","2,21,79,022","6,52,71,61,794.45","1,81,894"
25-Mar-2026,EQ,"292.70","298.50","292.25","291.25","295.75","295.70","296.42","444.20","288.75","2,61,84,716","7,76,17,78,320.60","1,81,458"
24-Mar-2026,EQ,"295.95","296.00","288.75","290.45","292.30","291.25","290.76","444.20","288.75","3,33,35,721","9,69,28,40,542.60","2,21,679"
23-Mar-2026,EQ,"298.90","299.00","289.55","299.95","290.95","290.45","291.99","444.20","289.55","3,17,88,160","9,28,18,62,168.35","3,79,322"
20-Mar-2026,EQ,"301.05","308.75","298.15","298.00","299.80","299.95","303.30","444.20","297.10","5,86,79,529","17,79,74,84,427.15","3,41,612"
19-Mar-2026,EQ,"301.50","305.50","297.10","304.05","299.10","298.00","299.77","444.20","297.10","1,78,51,126","5,35,12,44,310.05","2,46,450"
18-Mar-2026,EQ,"305.90","306.95","303.50","304.85","304.00","304.05","305.00","444.20","300.65","1,67,02,554","5,09,42,80,816.95","1,38,882"
17-Mar-2026,EQ,"309.95","309.95","304.05","308.25","304.45","304.85","306.07","444.20","300.65","2,56,49,286","7,85,03,94,221.15","2,00,983"
16-Mar-2026,EQ,"302.55","309.45","302.00","301.45","307.45","308.25","305.48","444.20","300.65","3,74,72,204","11,44,70,19,039.80","2,22,548"
13-Mar-2026,EQ,"304.00","306.00","300.65","304.10","301.90","301.45","302.80","444.20","300.65","2,56,59,996","7,76,97,61,466.10","2,45,554"
12-Mar-2026,EQ,"307.05","308.00","302.85","309.00","303.80","304.10","305.89","444.20","302.00","2,33,19,679","7,13,33,63,402.95","2,09,187"
11-Mar-2026,EQ,"309.05","310.65","307.70","309.05","308.90","309.00","309.01","444.20","302.00","1,48,42,485","4,58,65,23,806.05","1,94,139"
10-Mar-2026,EQ,"309.00","310.00","303.75","306.00","309.50","309.05","306.71","444.20","302.00","1,83,52,950","5,62,91,05,639.75","1,56,365"
09-Mar-2026,EQ,"305.00","307.20","303.60","309.70","305.00","306.00","305.17","444.20","302.00","1,40,84,931","4,29,82,50,338.75","1,90,235"
06-Mar-2026,EQ,"310.05","312.30","309.20","311.50","309.95","309.70","310.40","444.20","302.00","2,12,88,269","6,60,78,51,781.95","2,12,819"
05-Mar-2026,EQ,"312.20","313.60","308.20","311.95","311.65","311.50","310.70","444.20","302.00","1,99,38,009","6,19,48,01,511.75","2,06,179"
04-Mar-2026,EQ,"310.60","315.50","310.50","314.90","311.95","311.95","312.43","444.20","302.00","2,41,65,489","7,55,00,27,631.80","2,81,005"
02-Mar-2026,EQ,"307.00","315.75","307.00","313.60","314.70","314.90","313.07","444.20","302.00","2,21,94,311","6,94,83,00,891.05","2,50,280"
27-Feb-2026,EQ,"316.00","317.75","312.65","318.30","314.20","313.60","314.74","444.20","302.00","1,38,92,595","4,37,24,95,896.70","1,88,463"
26-Feb-2026,EQ,"320.00","321.40","317.60","319.75","318.45","318.30","318.98","444.20","302.00","1,12,70,119","3,59,49,34,700.80","1,66,420"
25-Feb-2026,EQ,"325.50","326.60","318.10","323.50","319.20","319.75","321.05","444.20","302.00","1,34,92,101","4,33,16,78,210.95","1,43,953"
24-Feb-2026,EQ,"324.00","325.40","322.05","325.40","324.20","323.50","323.47","444.20","302.00","1,31,35,859","4,24,90,87,939.95","1,70,638"
23-Feb-2026,EQ,"327.00","328.10","324.40","327.00","325.65","325.40","325.58","444.20","302.00","1,34,86,092","4,39,07,80,982.05","1,18,812"
20-Feb-2026,EQ,"325.05","327.85","325.05","326.00","327.20","327.00","326.79","444.20","302.00","1,12,82,027","3,68,68,34,270.95","95,724"
19-Feb-2026,EQ,"334.05","334.25","325.00","332.45","325.80","326.00","329.01","444.20","302.00","1,99,11,747","6,55,10,69,293.75","1,69,746"
18-Feb-2026,EQ,"326.00","332.95","324.80","325.45","332.65","332.45","330.36","444.20","302.00","3,54,73,203","11,71,90,43,134.90","2,28,303"
17-Feb-2026,EQ,"318.45","328.05","318.15","317.95","325.40","325.45","324.94","444.20","302.00","3,93,60,672","12,78,97,37,872.30","2,46,283"
16-Feb-2026,EQ,"313.75","318.25","313.15","313.75","318.10","317.95","316.61","444.20","302.00","1,16,93,763","3,70,23,90,906.10","1,32,407"
13-Feb-2026,EQ,"316.00","318.40","313.25","317.45","313.60","313.75","315.37","444.20","302.00","87,30,618","2,75,33,41,305.65","1,31,785"
12-Feb-2026,EQ,"317.30","320.40","316.90","318.25","317.50","317.45","318.28","444.20","302.00","1,32,94,561","4,23,14,13,265.15","1,55,726"
11-Feb-2026,EQ,"321.95","322.20","316.30","321.40","318.10","318.25","317.45","444.20","302.00","2,48,43,366","7,88,65,24,787.95","1,68,577"
10-Feb-2026,EQ,"323.00","323.55","320.75","322.80","321.25","321.40","321.76","444.20","302.00","1,14,89,090","3,69,67,75,555.25","1,46,227"
09-Feb-2026,EQ,"327.95","328.70","321.65","325.80","322.70","322.80","323.66","444.20","302.00","2,00,59,198","6,49,23,54,416.30","1,69,853"
06-Feb-2026,EQ,"310.00","327.70","308.30","310.20","326.35","325.80","322.67","465.20","302.00","6,80,57,745","21,95,98,53,321.30","3,58,377"
05-Feb-2026,EQ,"313.95","315.35","309.30","313.85","310.10","310.20","310.96","465.20","302.00","1,58,16,704","4,91,83,77,985.90","2,63,742"
04-Feb-2026,EQ,"312.50","314.95","311.35","316.65","313.85","313.85","313.67","465.20","302.00","1,11,96,759","3,51,20,93,652.60","1,71,556"
03-Feb-2026,EQ,"321.20","324.75","311.60","314.70","316.95","316.65","315.87","465.20","302.00","3,31,68,353","10,47,70,03,433.80","2,52,922"
02-Feb-2026,EQ,"309.45","315.40","302.00","309.45","314.55","314.70","308.57","465.20","302.00","3,52,27,572","10,87,03,08,122.70","3,65,578"
01-Feb-2026,EQ,"324.60","324.60","306.05","322.15","308.15","309.45","314.62","471.50","306.05","3,32,78,995","10,47,01,59,897.55","3,52,370"
30-Jan-2026,EQ,"318.80","325.15","316.45","318.60","322.30","322.15","321.82","471.50","316.45","4,19,75,824","13,50,87,58,883.65","2,55,515"
29-Jan-2026,EQ,"322.60","322.60","318.05","321.15","318.80","318.60","318.98","471.50","317.85","1,77,19,420","5,65,20,76,130.50","1,67,761"
28-Jan-2026,EQ,"319.95","323.70","319.35","318.65","321.40","321.15","321.10","471.50","317.85","2,84,00,238","9,11,92,02,270.50","1,75,716"
27-Jan-2026,EQ,"323.60","324.70","317.85","323.40","319.80","318.65","320.05","471.50","317.85","4,78,47,784","15,31,38,89,340.85","2,91,334"
23-Jan-2026,EQ,"325.55","326.40","322.70","324.85","323.00","323.40","324.48","471.50","321.05","1,19,50,089","3,87,76,10,831.50","1,47,883"
22-Jan-2026,EQ,"326.10","328.70","321.05","324.75","325.55","324.85","325.12","471.50","321.05","1,86,22,852","6,05,46,14,413.45","2,14,762"
21-Jan-2026,EQ,"326.00","329.30","324.35","326.30","325.05","324.75","326.02","471.50","324.35","1,41,77,965","4,62,23,34,427.75","2,12,066"
20-Jan-2026,EQ,"334.05","334.50","325.50","333.20","326.15","326.30","329.59","471.50","325.50","1,87,71,011","6,18,66,67,084.45","2,24,010"
19-Jan-2026,EQ,"330.00","334.65","327.30","329.20","332.80","333.20","331.90","471.50","327.30","1,55,07,440","5,14,68,96,960.75","1,82,190"
16-Jan-2026,EQ,"337.50","337.50","328.55","334.75","329.00","329.20","331.06","471.50","328.55","3,05,26,898","10,10,61,42,548.80","3,44,862"
14-Jan-2026,EQ,"336.00","336.00","333.45","334.70","334.85","334.75","334.90","471.50","333.45","1,49,13,422","4,99,45,08,399.30","2,06,398"
13-Jan-2026,EQ,"339.00","339.50","333.70","338.40","334.30","334.70","335.34","471.50","333.70","2,49,22,339","8,35,75,06,586.55","2,37,948"
12-Jan-2026,EQ,"338.25","339.50","335.80","337.15","338.00","338.40","337.78","471.50","335.80","1,61,56,143","5,45,72,35,038.85","2,13,285"
09-Jan-2026,EQ,"340.90","341.00","336.10","340.90","338.25","337.15","338.09","471.50","336.10","3,51,93,201","11,89,84,98,989.60","4,30,291"
08-Jan-2026,EQ,"341.50","345.15","339.05","341.25","340.50","340.90","341.13","471.50","337.75","3,67,06,319","12,52,17,21,172.05","3,17,166"
07-Jan-2026,EQ,"343.00","344.55","339.30","342.45","341.75","341.25","341.74","471.50","337.75","2,94,40,734","10,06,11,69,190.15","3,85,259"
06-Jan-2026,EQ,"350.25","350.70","337.75","349.70","343.25","342.45","342.54","471.50","337.75","7,25,82,738","24,86,24,18,456.65","6,18,090"
05-Jan-2026,EQ,"350.20","353.95","346.05","350.05","349.60","349.70","350.61","471.50","345.25","4,83,58,124","16,95,47,86,530.50","4,49,885"
02-Jan-2026,EQ,"360.00","360.00","345.25","363.85","350.10","350.05","349.61","471.50","345.25","11,87,90,358","41,53,01,03,424.05","9,11,774"
01-Jan-2026,EQ,"402.70","402.70","362.70","403.00","363.95","363.85","374.71","471.50","362.70","28,26,26,710","1,05,90,29,87,176.30","14,97,861"
31-Dec-2025,EQ,"401.10","403.75","400.85","400.60","402.70","403.00","402.81","471.50","390.15","99,45,109","4,00,59,57,774.45","93,789"
30-Dec-2025,EQ,"403.00","403.45","400.30","402.60","401.10","400.60","401.22","471.50","390.15","1,23,40,527","4,95,12,65,566.85","1,34,214"
29-Dec-2025,EQ,"404.10","404.80","401.45","404.15","402.95","402.60","402.55","471.50","390.15","66,47,710","2,67,60,07,103.70","90,644"
26-Dec-2025,EQ,"406.50","407.15","403.85","406.60","404.90","404.15","404.63","471.50","390.15","31,52,453","1,27,55,62,322.60","76,263"
24-Dec-2025,EQ,"407.95","409.50","405.65","407.35","406.80","406.60","407.18","471.50","390.15","57,77,430","2,35,24,33,725.00","73,260"
23-Dec-2025,EQ,"402.50","408.90","401.80","402.70","408.85","407.35","405.66","471.50","390.15","1,00,81,997","4,08,98,15,715.85","1,58,483"
22-Dec-2025,EQ,"401.60","403.65","401.20","401.05","402.85","402.70","402.79","471.50","390.15","68,47,871","2,75,82,63,703.80","96,410"
19-Dec-2025,EQ,"400.25","402.65","400.25","400.40","400.90","401.05","401.39","471.50","390.15","1,06,54,835","4,27,67,83,887.20","1,38,048"
18-Dec-2025,EQ,"400.00","401.95","399.85","399.80","400.85","400.40","400.74","471.50","390.15","72,27,668","2,89,63,90,248.80","1,06,780"
17-Dec-2025,EQ,"401.00","403.10","399.10","401.70","400.25","399.80","400.53","471.50","390.15","80,87,490","3,23,93,01,844.80","1,17,330"
16-Dec-2025,EQ,"401.40","405.75","401.05","402.30","402.00","401.70","403.11","471.50","390.15","1,23,47,384","4,97,73,88,189.80","1,20,140"
15-Dec-2025,EQ,"400.10","403.35","399.50","400.10","402.00","402.30","401.80","471.50","390.15","77,56,564","3,11,65,64,595.55","96,420"
12-Dec-2025,EQ,"402.90","404.00","399.85","402.90","400.70","400.10","400.55","471.50","390.15","1,24,07,516","4,96,97,85,471.85","1,15,410"
11-Dec-2025,EQ,"403.15","404.00","401.10","403.15","403.00","402.90","402.40","471.50","390.15","69,80,147","2,80,88,21,372.05","99,653"
10-Dec-2025,EQ,"401.10","404.40","401.00","401.05","403.05","403.15","403.31","471.50","390.15","69,69,146","2,81,07,30,997.45","1,06,280"
09-Dec-2025,EQ,"402.00","404.50","400.00","402.30","401.25","401.05","402.28","471.50","390.15","94,26,717","3,79,21,90,139.05","1,19,643"
08-Dec-2025,EQ,"404.95","405.25","400.55","404.95","402.00","402.30","402.89","471.50","390.15","60,56,866","2,44,02,76,710.15","1,01,139"
05-Dec-2025,EQ,"403.05","405.35","402.00","403.05","404.60","404.95","404.12","471.50","390.15","44,19,747","1,78,60,97,800.35","73,360"
04-Dec-2025,EQ,"400.10","403.55","399.05","400.50","403.25","403.05","402.09","471.50","390.15","80,57,989","3,24,00,08,562.15","1,00,529"
03-Dec-2025,EQ,"401.70","402.20","398.85","400.95","400.70","400.50","400.33","471.50","390.15","1,07,72,192","4,31,23,88,380.25","1,45,572"
02-Dec-2025,EQ,"404.25","405.50","400.50","404.25","401.70","400.95","401.68","471.50","390.15","80,93,808","3,25,11,35,210.45","1,12,342"
01-Dec-2025,EQ,"402.80","405.50","398.20","404.25","404.05","404.25","402.48","471.50","390.15","1,34,42,658","5,41,04,24,427.90","2,04,438"
28-Nov-2025,EQ,"404.30","405.00","402.50","404.30","404.30","404.25","403.67","471.50","390.15","68,83,500","2,77,86,54,678.40","1,04,754"
27-Nov-2025,EQ,"403.50","405.95","402.10","402.30","405.00","404.30","403.22","471.50","390.15","86,79,529","3,49,97,92,465.40","1,05,551"
26-Nov-2025,EQ,"401.00","403.95","400.95","400.80","402.55","402.30","402.60","471.50","390.15","1,14,43,953","4,60,72,86,432.40","1,07,847"
25-Nov-2025,EQ,"403.55","404.50","400.10","403.55","400.40","400.80","402.29","471.50","390.15","81,99,785","3,29,87,22,901.65","1,14,076"
24-Nov-2025,EQ,"408.40","408.80","402.85","407.85","404.20","403.55","404.39","471.50","390.15","1,10,37,491","4,46,34,45,092.75","1,28,280"
21-Nov-2025,EQ,"405.00","408.50","404.70","405.45","408.00","407.85","407.28","471.50","390.15","58,08,131","2,36,55,41,111.25","92,059"
20-Nov-2025,EQ,"403.55","407.00","403.25","403.55","405.60","405.45","405.55","471.50","390.15","66,93,410","2,71,45,19,990.35","1,08,333"
19-Nov-2025,EQ,"404.85","405.55","402.80","405.85","403.70","403.55","403.68","471.50","390.15","78,82,450","3,18,19,92,048.10","1,34,281"
18-Nov-2025,EQ,"408.25","409.80","404.55","407.10","405.70","405.85","405.64","471.50","390.15","76,61,681","3,10,78,54,790.65","92,029"
17-Nov-2025,EQ,"409.75","412.00","406.00","408.15","407.50","407.10","407.38","471.50","390.15","78,55,399","3,20,01,40,693.40","1,14,679"
14-Nov-2025,EQ,"404.70","408.75","400.10","405.70","408.25","408.15","401.39","471.50","390.15","6,40,20,258","25,69,71,82,566.80","1,51,924"
13-Nov-2025,EQ,"407.00","407.50","404.50","407.00","406.50","405.70","406.31","471.50","390.15","66,17,185","2,68,86,12,018.50","90,395"
12-Nov-2025,EQ,"408.00","408.10","405.55","406.85","407.40","407.00","406.82","471.50","390.15","79,87,236","3,24,93,80,333.55","1,07,940"
11-Nov-2025,EQ,"406.00","408.05","404.60","405.55","407.20","406.85","406.29","471.50","390.15","1,20,05,318","4,87,76,32,724.55","97,321"
10-Nov-2025,EQ,"404.05","407.10","403.65","404.05","406.00","405.55","405.75","471.50","390.15","66,50,003","2,69,82,66,556.55","1,28,591"
07-Nov-2025,EQ,"406.05","409.10","403.10","407.50","404.40","404.05","405.13","471.50","390.15","84,11,611","3,40,78,15,043.20","92,747"
06-Nov-2025,EQ,"410.00","413.30","406.55","408.90","408.50","407.50","408.26","471.50","390.15","1,00,95,563","4,12,15,88,309.65","1,46,248"
04-Nov-2025,EQ,"414.00","414.50","408.35","413.95","408.80","408.90","410.16","471.50","390.15","1,00,85,404","4,13,66,35,461.40","1,40,114"
03-Nov-2025,EQ,"419.95","421.65","413.30","420.35","414.00","413.95","415.71","471.50","390.15","76,35,440","3,17,40,92,208.20","1,68,846"
31-Oct-2025,EQ,"420.50","426.40","418.20","418.75","419.95","420.35","422.45","471.50","390.15","1,85,99,864","7,85,74,95,955.95","2,03,655"
30-Oct-2025,EQ,"421.60","421.70","416.15","421.60","419.35","418.75","419.29","471.50","390.15","1,29,38,674","5,42,50,28,130.20","1,28,633"
29-Oct-2025,EQ,"418.20","422.20","416.05","417.90","421.85","421.60","419.47","471.50","390.15","1,14,70,661","4,81,15,76,571.15","1,26,826"
28-Oct-2025,EQ,"420.50","421.65","415.90","420.65","417.85","417.90","417.96","471.50","390.15","1,71,63,147","7,17,34,91,707.05","1,47,046"
27-Oct-2025,EQ,"417.00","422.70","416.60","416.80","421.00","420.65","420.58","471.50","390.15","1,16,03,679","4,88,02,29,507.85","1,15,318"
24-Oct-2025,EQ,"415.95","417.95","413.45","415.95","417.80","416.80","415.51","471.50","390.15","1,49,35,678","6,20,59,57,776.10","1,14,037"
23-Oct-2025,EQ,"416.00","420.45","413.55","412.85","416.25","415.95","417.33","471.50","390.15","2,43,05,990","10,14,35,43,220.15","1,89,470"
21-Oct-2025,EQ,"413.50","413.95","412.35","413.05","412.50","412.85","412.93","471.50","390.15","11,42,130","47,16,23,300.60","38,260"
20-Oct-2025,EQ,"412.55","414.85","411.30","412.15","412.60","413.05","412.96","471.50","390.15","1,30,83,621","5,40,30,72,501.60","1,26,249"
17-Oct-2025,EQ,"405.35","413.85","405.25","405.15","411.40","412.15","411.42","471.50","390.15","2,10,71,344","8,66,91,97,740.65","1,55,146"
16-Oct-2025,EQ,"401.00","406.00","399.55","399.90","405.45","405.15","403.00","471.50","390.15","2,29,62,049","9,25,37,41,617.70","1,61,737"
15-Oct-2025,EQ,"398.00","400.85","397.25","396.80","400.30","399.90","399.77","471.50","390.15","1,60,43,867","6,41,38,86,116.50","1,07,335"
14-Oct-2025,EQ,"400.00","400.85","396.20","399.25","396.70","396.80","397.77","471.50","390.15","1,02,91,102","4,09,35,09,264.00","1,55,469"
13-Oct-2025,EQ,"400.00","400.95","398.55","402.80","399.40","399.25","399.67","471.50","390.15","95,08,594","3,80,02,78,856.70","1,72,792"
10-Oct-2025,EQ,"400.45","403.85","399.50","399.90","402.50","402.80","402.29","471.50","390.15","1,50,85,738","6,06,87,94,009.10","1,15,991"
09-Oct-2025,EQ,"399.00","401.40","398.95","399.75","399.30","399.90","399.97","471.50","390.15","1,56,56,267","6,26,20,21,427.10","1,27,019"
08-Oct-2025,EQ,"400.00","401.75","398.00","399.80","399.50","399.75","399.50","471.50","390.15","84,02,463","3,35,67,45,732.55","93,216"
07-Oct-2025,EQ,"402.50","402.60","399.50","400.75","399.90","399.80","400.47","471.50","390.15","1,22,98,968","4,92,53,18,576.70","1,28,812"
06-Oct-2025,EQ,"403.00","403.90","399.80","404.30","401.10","400.75","400.71","471.50","390.15","1,39,89,077","5,60,55,84,637.30","1,19,696"
03-Oct-2025,EQ,"404.90","405.50","402.30","405.60","404.60","404.30","404.32","471.50","390.15","1,69,87,141","6,86,82,13,808.30","1,19,898"
01-Oct-2025,EQ,"402.35","406.00","399.75","401.55","404.90","405.60","403.72","471.50","390.15","1,76,43,039","7,12,28,31,971.25","1,16,986"
30-Sep-2025,EQ,"406.75","406.75","400.40","407.25","401.70","401.55","402.22","471.50","390.15","94,65,490","3,80,71,99,569.50","1,35,011"
29-Sep-2025,EQ,"406.90","408.00","403.20","405.10","404.40","407.25","406.55","471.50","390.15","1,97,17,660","8,01,61,25,728.80","1,38,356"
26-Sep-2025,EQ,"400.10","405.90","399.80","400.10","405.00","405.10","403.62","471.50","390.15","1,44,14,044","5,81,77,82,528.90","1,20,767"
25-Sep-2025,EQ,"401.45","403.00","398.00","401.00","400.45","400.10","400.05","471.50","390.15","2,20,06,368","8,80,36,08,106.55","1,74,393"
24-Sep-2025,EQ,"403.20","404.65","400.70","403.20","401.00","401.00","401.65","471.50","390.15","1,23,80,865","4,97,28,36,129.35","1,17,613"
23-Sep-2025,EQ,"407.10","408.10","402.10","406.95","404.00","403.20","403.67","471.50","390.15","1,49,36,357","6,02,94,14,917.85","1,65,353"
22-Sep-2025,EQ,"410.65","411.00","406.05","410.65","407.00","406.95","408.02","471.50","390.15","89,30,779","3,64,39,75,296.25","1,28,779"
19-Sep-2025,EQ,"411.55","412.60","408.95","411.55","410.00","410.65","410.47","471.50","390.15","1,95,05,321","8,00,63,79,578.25","1,19,041"
18-Sep-2025,EQ,"411.35","413.05","410.10","409.30","412.50","411.55","411.51","471.50","390.15","1,56,47,808","6,43,92,99,773.30","1,05,500"
17-Sep-2025,EQ,"413.95","414.60","408.05","413.10","410.05","409.30","410.17","471.50","390.15","1,41,13,882","5,78,91,28,854.55","1,47,228"
16-Sep-2025,EQ,"413.20","414.35","412.00","412.65","413.65","413.10","413.12","471.50","390.15","82,39,087","3,40,37,29,371.05","97,899"
15-Sep-2025,EQ,"413.05","414.30","411.75","413.75","412.80","412.65","413.05","471.50","390.15","57,07,331","2,35,74,18,512.55","91,972"
12-Sep-2025,EQ,"415.35","417.05","412.85","415.05","413.55","413.75","414.89","471.50","390.15","78,03,379","3,23,75,50,924.50","78,225"
11-Sep-2025,EQ,"413.05","416.70","412.45","413.05","415.35","415.05","415.51","471.50","390.15","82,74,406","3,43,80,66,391.55","1,95,524"
10-Sep-2025,EQ,"411.00","413.70","408.95","410.05","413.00","413.05","411.25","471.50","390.15","92,52,397","3,80,50,55,609.05","1,41,806"
09-Sep-2025,EQ,"408.50","410.95","407.40","407.55","410.00","410.05","409.78","471.50","390.15","88,25,896","3,61,66,92,854.60","88,691"
08-Sep-2025,EQ,"407.45","410.55","406.80","407.35","408.40","407.55","408.21","471.50","390.15","74,19,022","3,02,85,06,105.15","1,13,635"
05-Sep-2025,EQ,"416.90","417.00","404.40","415.90","407.90","407.35","406.82","471.50","390.15","1,60,00,675","6,50,94,28,201.45","2,13,298"
04-Sep-2025,EQ,"423.95","427.00","415.00","411.75","415.75","415.90","418.56","471.50","390.15","2,72,74,123","11,41,58,87,821.05","2,71,564"
03-Sep-2025,EQ,"408.50","413.25","407.30","406.75","411.10","411.75","410.55","471.50","390.15","1,29,36,588","5,31,11,34,586.60","1,18,422"
02-Sep-2025,EQ,"406.55","407.85","404.45","405.85","407.00","406.75","406.37","471.50","390.15","1,98,08,255","8,04,95,46,791.50","2,24,334"
01-Sep-2025,EQ,"409.75","410.20","405.00","409.75","405.55","405.85","406.32","471.50","390.15","1,22,68,090","4,98,47,83,795.80","1,69,790"
29-Aug-2025,EQ,"402.00","410.45","401.90","400.90","409.50","409.75","407.54","471.50","390.15","2,52,55,050","10,29,25,36,558.90","1,52,907"
28-Aug-2025,EQ,"404.50","404.50","400.00","403.35","400.80","400.90","401.40","471.50","390.15","1,24,71,719","5,00,61,14,050.00","1,65,609"
26-Aug-2025,EQ,"399.30","405.40","398.40","399.35","403.35","403.35","402.30","471.50","390.15","1,37,15,752","5,51,78,42,190.00","1,80,641"
25-Aug-2025,EQ,"399.00","400.55","396.25","398.30","399.15","399.35","399.17","471.50","390.15","1,04,40,286","4,16,74,97,911.50","1,42,577"
22-Aug-2025,EQ,"406.00","406.50","397.50","405.55","398.30","398.30","399.91","471.50","390.15","1,30,87,624","5,23,38,81,432.80","2,04,639"
21-Aug-2025,EQ,"406.05","406.85","403.35","406.05","406.00","405.55","405.69","471.50","390.15","1,50,28,966","6,09,71,00,177.45","1,82,931"
20-Aug-2025,EQ,"409.10","410.25","405.45","409.10","406.25","406.05","407.87","471.50","390.15","1,81,88,129","7,41,84,16,584.55","1,58,846"
19-Aug-2025,EQ,"406.35","409.40","404.50","406.30","409.10","409.10","406.86","471.50","390.15","1,66,81,331","6,78,69,12,397.30","1,75,005"
18-Aug-2025,EQ,"413.00","413.70","404.85","411.45","405.30","406.30","408.70","471.50","390.15","3,09,50,814","12,64,96,59,054.30","1,93,343"
14-Aug-2025,EQ,"414.25","415.05","411.00","414.10","411.45","411.45","412.48","471.50","390.15","95,80,361","3,95,16,69,337.50","1,22,767"
13-Aug-2025,EQ,"417.20","417.50","413.60","416.35","414.20","414.10","414.82","471.50","390.15","1,08,74,910","4,51,10,79,760.80","86,765"
12-Aug-2025,EQ,"417.00","419.80","415.30","416.85","416.10","416.35","417.43","471.50","390.15","1,36,35,738","5,69,20,02,511.40","1,05,553"
11-Aug-2025,EQ,"414.50","417.00","414.00","414.50","417.00","416.85","416.05","471.50","390.15","85,14,272","3,54,23,55,434.80","1,11,986"
08-Aug-2025,EQ,"413.90","415.35","412.95","413.60","414.45","414.50","414.32","471.50","390.15","98,14,361","4,06,62,50,194.90","95,336"
07-Aug-2025,EQ,"412.00","414.75","411.65","412.00","413.80","413.60","413.34","471.50","390.15","1,15,14,878","4,75,95,38,600.10","1,07,647"
06-Aug-2025,EQ,"414.15","415.00","410.50","414.15","412.20","412.00","411.74","471.50","390.15","90,80,543","3,73,88,41,645.30","1,23,746"
05-Aug-2025,EQ,"417.20","417.95","413.00","416.85","413.80","414.15","414.33","471.50","390.15","84,95,104","3,51,97,98,904.05","1,47,684"
04-Aug-2025,EQ,"420.20","422.50","415.10","416.45","416.65","416.85","417.96","471.50","390.15","1,83,52,458","7,67,05,04,419.40","3,46,053"
01-Aug-2025,EQ,"412.40","419.35","411.80","411.95","416.60","416.45","416.54","471.50","390.15","1,43,24,065","5,96,65,72,601.75","1,43,905"
31-Jul-2025,EQ,"405.95","414.00","405.55","407.60","411.70","411.95","410.46","471.50","390.15","1,93,64,174","7,94,81,30,344.70","1,45,541"
30-Jul-2025,EQ,"409.00","409.30","405.75","408.45","407.80","407.60","407.37","471.50","390.15","1,09,15,863","4,44,68,03,251.75","1,02,742"
29-Jul-2025,EQ,"410.00","411.40","408.00","409.90","408.20","408.45","409.30","471.50","390.15","68,11,772","2,78,80,74,823.55","97,448"
28-Jul-2025,EQ,"410.80","410.85","408.60","409.40","409.80","409.90","409.88","471.50","390.15","81,23,337","3,32,95,57,179.75","86,106"
25-Jul-2025,EQ,"410.00","410.25","407.75","409.95","409.60","409.40","409.17","471.50","390.15","58,24,089","2,38,30,43,433.05","1,00,941"
24-Jul-2025,EQ,"415.85","415.85","409.45","414.95","410.00","409.95","411.42","471.50","390.15","90,05,157","3,70,48,82,523.95","1,32,378"
23-Jul-2025,EQ,"417.10","417.90","414.00","416.00","415.00","414.95","415.04","471.50","390.15","1,21,96,187","5,06,18,66,238.40","99,775"
22-Jul-2025,EQ,"420.10","420.40","415.20","420.10","415.95","416.00","416.82","471.50","390.15","98,69,507","4,11,38,26,380.95","1,17,437"
21-Jul-2025,EQ,"422.00","422.75","418.40","422.75","420.30","420.10","420.55","471.50","390.15","48,22,343","2,02,80,12,485.95","85,747"
18-Jul-2025,EQ,"425.20","425.20","420.10","423.95","422.00","422.75","422.22","471.50","390.15","67,30,256","2,84,16,42,514.05","82,551"
17-Jul-2025,EQ,"425.80","425.90","423.00","424.60","423.25","423.95","424.62","471.50","390.15","72,40,795","3,07,46,22,256.70","85,266"
16-Jul-2025,EQ,"422.10","425.45","420.30","422.10","424.40","424.60","423.52","471.50","390.15","97,80,773","4,14,23,30,034.65","91,064"
15-Jul-2025,EQ,"420.90","422.40","419.00","419.40","422.30","422.10","421.37","471.50","390.15","85,32,755","3,59,54,25,226.20","1,12,643"